{
  "config": {
    "abort": {
      "forgot_password": "Die \"Passwort vergessen Funktion\" wurde erkannt. Amazon verlangt möglicherweise Maßnahmen bevor ein erneuter Anmeldeversuch unternommen werden kann.",
      "login_failed": "Alexa Media Player konnte nicht angemeldet werden.",
      "reauth_successful": "Alexa Media Player erfolgreich authentifiziert"
    },
    "error": {
      "2fa_key_invalid": "Invalid Built-In 2FA key",
      "connection_error": "Verbindungsfehler; Netzwerk prüfen und erneut versuchen",
      "hass_url_invalid": "Es kann keine Verbindung zur Home Assistant-URL hergestellt werden. Bitte überprüfen Sie die externe URL unter Konfiguration - > Allgemein",
      "identifier_exists": "Diese Email ist bereits registriert",
      "invalid_credentials": "Falsche Zugangsdaten",
      "unknown_error": "Unbekannter Fehler, bitte Log-Info melden"
    },
    "step": {
      "action_required": {
        "data": {
          "proxy": "Use Login Proxy method (2FA not required)"
        },
        "description": "**{email} - alexa.{url}**  \nAmazon sendet eine Push-Benachrichtigung je folgender Nachricht. Bitte antworte sie vollständig, bevor Du fortfährst.  \n{message}",
        "title": "Alexa Media Player - Aktion erforderlich"
      },
      "authselect": {
        "data": {
          "authselectoption": "Einmal Pin Methode",
          "proxy": "Use Login Proxy method (2FA not required)"
        },
        "description": "**{email} - alexa.{url}**  \n{message}",
        "title": "Alexa Media Player - Einmal Pin Passwort"
      },
      "captcha": {
        "data": {
          "captcha": "Captcha",
          "password": "Passwort",
          "proxy": "Use Login Proxy method (2FA not required)",
          "securitycode": "2FA Code (empfohlen, um Anmeldeprobleme zu vermeiden)"
        },
        "description": "**{email} - alexa.{url}**  \n{message}  \n {captcha_image}",
        "title": "Alexa Media Player - Captcha"
      },
      "claimspicker": {
        "data": {
          "authselectoption": "Verifizierungs Methode",
          "proxy": "Use Login Proxy method (2FA not required)"
        },
        "description": "**{email} - alexa.{url}**  \nBitte Verifizierungs Methode auswählen. (z.B., `0` oder `1`)  \n{message}",
        "title": "Alexa Media Player - Verifizierungs Methode"
      },
      "totp_register": {
        "data": {
          "registered": "OTP from the Built-in 2FA App Key confirmed successfully."
        },
        "description": "**{email} - alexa.{url}**  \nHave you successfully confirmed an OTP from the Built-in 2FA App Key with Amazon?  \n >OTP Code {message}",
        "title": "Alexa Media Player - OTP Confirmation"
      },
      "twofactor": {
        "data": {
          "proxy": "Use Login Proxy method (2FA not required)",
          "securitycode": "2FA Code"
        },
        "description": "**{email} - alexa.{url}**  \nDen Zwei Faktor Pin eingeben.  \n{message}",
        "title": "Alexa Media Player - Zwei Faktor Authentifizierung"
      },
      "user_legacy": {
        "data": {
          "cookies_txt": "config::step::user::data::cookies_txt",
          "debug": "Erweitertes debugging",
          "email": "Email Adresse",
          "exclude_devices": "Ausgeschlossene Geräte (komma getrennnt)",
          "include_devices": "Eingebundene Geräte (komma getrennnt)",
          "oauth_login": "Enable oauth-token app method",
          "otp_secret": "Built-in 2FA App Key (automatically generate 2FA Codes)",
          "password": "Passwort",
          "proxy": "Use Login Proxy method (2FA not required)",
          "scan_interval": "Sekunden zwischen den Scans",
          "securitycode": "2FA Code (empfohlen, um Anmeldeprobleme zu vermeiden)",
          "url": "Amazon Region (z.B., amazon.de)"
        },
        "description": "Please enter your [information](https://github.com/custom-components/alexa_media_player/wiki/Configuration#integrations-page). **[Cookie import](https://github.com/custom-components/alexa_media_player/wiki/Configuration#cookie-import) may be easiest!**   \n**WARNING: Amazon incorrectly reports 'Enter a valid email or mobile number' when [2FA Code is required](https://github.com/custom-components/alexa_media_player/wiki/Configuration#enable-two-factor-authentication-for-your-amazon-account).**  \n>{message}",
        "title": "Alexa Media Player - Legacy Configuration"
      },
      "user": {
        "data": {
          "cookies_txt": "config::step::user::data::cookies_txt",
          "debug": "Erweitertes debugging",
          "email": "Email Adresse",
          "exclude_devices": "Ausgeschlossene Geräte (komma getrennnt)",
          "hass_url": "Url to access Home Assistant",
          "include_devices": "Eingebundene Geräte (komma getrennnt)",
          "oauth_login": "Enable oauth-token app method",
          "otp_secret": "Built-in 2FA App Key (automatically generate 2FA Codes)",
          "password": "Passwort",
          "proxy": "Use Login Proxy method (2FA not required)",
          "scan_interval": "Sekunden zwischen den Scans",
          "securitycode": "2FA Code (empfohlen, um Anmeldeprobleme zu vermeiden)",
          "url": "Amazon Region (z.B., amazon.de)"
        },
        "description": "Bitte geben Sie ihre Informationen ein.",
        "title": "Alexa Media Player - Konfiguration"
      }
    }
  },
  "options": {
    "step": {
      "init": {
        "data": {
          "extended_entity_discovery": "Schließen Sie Geräte ein, die über Echo verbunden sind",
          "queue_delay": "Sekunden zu warten, um Befehle in die Warteschlange zu stellen"
        }
      }
    }
  }
}
