{
  "config": {
    "abort": {
      "forgot_password": "Se ha detectado la página de \"Ha olvidado su contraseña\". Normalmente esto ocurre si has intentado iniciar sesión varias veces de forma fallida. Amazon puede que te pida alguna acción adicional antes de poder volver a intentar iniciar sesión.",
      "login_failed": "Alexa Media Player no pudo iniciar sesión.",
      "reauth_successful": "Alexa Media Player se ha reautentificado correctamente."
    },
    "error": {
      "2fa_key_invalid": "Invalid Built-In 2FA key",
      "connection_error": "Error al conectar, verifique la red y vuelva a intentarlo",
      "hass_url_invalid": "No se puede conectar a la url de Home Assistant. Compruebe la dirección URL externa en Configuración -> General",
      "identifier_exists": "Correo electrónico para la URL de Alexa ya registrado",
      "invalid_credentials": "Credenciales no válidas",
      "unknown_error": "Error desconocido, por favor revisa los registros en Home Assistant y reporta el error si es necesario."
    },
    "step": {
      "action_required": {
        "data": {
          "proxy": "Use Login Proxy method (2FA not required)"
        },
        "description": "**{email} - alexa.{url}**  \nAmazon enviará una notificación a tu dispositivo vinculado. Completa los pasos descritos antes de continuar.\n{message}",
        "title": "Alexa Media Player - Acción requerida"
      },
      "authselect": {
        "data": {
          "authselectoption": "Clave OTP",
          "proxy": "Use Login Proxy method (2FA not required)"
        },
        "description": "**{email} - alexa.{url}**  \n{message}",
        "title": "Alexa Media Player - Contraseña de un solo uso"
      },
      "captcha": {
        "data": {
          "captcha": "Captcha",
          "password": "Contraseña",
          "proxy": "Use Login Proxy method (2FA not required)",
          "securitycode": "Código 2FA (recomendado para evitar problemas de inicio de sesión)"
        },
        "description": "**{email} - alexa.{url}**  \n{message}  \n {captcha_image}",
        "title": "Alexa Media Player - Captcha"
      },
      "claimspicker": {
        "data": {
          "authselectoption": "Método de verificación",
          "proxy": "Use Login Proxy method (2FA not required)"
        },
        "description": "**{email} - alexa.{url}**  \nSeleccione el método de verificación por número. (e.g., `0` or `1`)  \n{message}",
        "title": "Alexa Media Player - Método de verificación"
      },
      "totp_register": {
        "data": {
          "registered": "OTP from the Built-in 2FA App Key confirmed successfully."
        },
        "description": "**{email} - alexa.{url}**  \nHave you successfully confirmed an OTP from the Built-in 2FA App Key with Amazon?  \n >OTP Code {message}",
        "title": "Alexa Media Player - OTP Confirmation"
      },
      "twofactor": {
        "data": {
          "proxy": "Use Login Proxy method (2FA not required)",
          "securitycode": "2FA Code"
        },
        "description": "**{email} - alexa.{url}**  \nIngrese la contraseña de un solo uso (OTP).  \n{message}",
        "title": "Alexa Media Player - Autenticación de dos factores"
      },
      "user_legacy": {
        "data": {
          "cookies_txt": "Datos de Cookies.txt",
          "debug": "Depuración avanzada",
          "email": "Dirección de correo electrónico",
          "exclude_devices": "Dispositivo excluido (separado por comas)",
          "include_devices": "Dispositivo incluido (separado por comas)",
          "oauth_login": "Enable oauth-token app method",
          "otp_secret": "Built-in 2FA App Key (automatically generate 2FA Codes)",
          "password": "Contraseña",
          "proxy": "Use Login Proxy method (2FA not required)",
          "scan_interval": "Segundos entre escaneos",
          "securitycode": "Código 2FA (recomendado para evitar problemas de inicio de sesión)",
          "url": "Región del dominio de Amazon (por ejemplo, amazon.es)"
        },
        "description": "Por favor introduce tu [información](https://github.com/custom-components/alexa_media_player/wiki/Configuration#integrations-page). **El método más rápido es [Importar cookies](https://github.com/custom-components/alexa_media_player/wiki/Configuration#cookie-import).**   \n**ADVERTENCIA: Amazon informará 'Introduce un correo electrónico o número de teléfono válido' si tu cuenta utiliza [códigos 2FA - Segundo Factor de Autenticación](https://github.com/custom-components/alexa_media_player/wiki/Configuration#enable-two-factor-authentication-for-your-amazon-account).**  \n>{message}",
        "title": "Alexa Media Player - Legacy Configuration"
      },
      "user": {
        "data": {
          "cookies_txt": "Datos de Cookies.txt",
          "debug": "Depuración avanzada",
          "email": "Dirección de correo electrónico",
          "exclude_devices": "Dispositivo excluido (separado por comas)",
          "hass_url": "Url to access Home Assistant",
          "include_devices": "Dispositivo incluido (separado por comas)",
          "oauth_login": "Enable oauth-token app method",
          "otp_secret": "Built-in 2FA App Key (automatically generate 2FA Codes)",
          "password": "Contraseña",
          "proxy": "Use Login Proxy method (2FA not required)",
          "scan_interval": "Segundos entre escaneos",
          "securitycode": "Código 2FA (recomendado para evitar problemas de inicio de sesión)",
          "url": "Región del dominio de Amazon (por ejemplo, amazon.es)"
        },
        "description": "Confirme la siguiente información. Para la configuración heredada, desactive la opción `Usar método de proxy de inicio de sesión`.",
        "title": "Alexa Media Player - Configuración"
      }
    }
  },
  "options": {
    "step": {
      "init": {
        "data": {
          "extended_entity_discovery": "Incluir dispositivos conectados a través de Echo",
          "queue_delay": "Segundos a esperar para agrupar comandos"
        }
      }
    }
  }
}
