{
  "config": {
    "abort": {
      "forgot_password": "La page Mot de passe oublié a été détectée. Amazon peut nécessiter une action avant qu'une reconnexion puisse être tentée.",
      "login_failed": "Alexa Media Player n'a pas réussi à se connecter.",
      "reauth_successful": "Alexa Media Player s'est authentifié avec succès."
    },
    "error": {
      "2fa_key_invalid": "Clé 2FA intégrée non valide",
      "connection_error": "Erreur de connexion; vérifier le réseau et réessayer",
      "hass_url_invalid": "Impossible de se connecter à l'URL de Home Assistant. Veuillez vérifier l'URL interne sous Configuration - > Général",
      "identifier_exists": "Email pour l'URL Alexa déjà enregistré",
      "invalid_credentials": "Informations d'identification invalides",
      "unknown_error": "Erreur inconnue, veuillez signaler les informations du journal"
    },
    "step": {
      "action_required": {
        "data": {
          "proxy": "Utilisez la méthode du proxy de connexion (2FA non requis)"
        },
        "description": "** {email} - alexa. {url} **   \n Amazon enverra une notification push conformément au message ci-dessous. Veuillez répondre complètement avant de continuer.   \n {message}",
        "title": "Alexa Media Player - Action requise"
      },
      "authselect": {
        "data": {
          "authselectoption": "OTP méthode",
          "proxy": "Use Login Proxy method (2FA not required)"
        },
        "description": "**{email} - alexa.{url}**  \n{message}",
        "title": "Alexa Media Player - Mot de passe unique"
      },
      "captcha": {
        "data": {
          "captcha": "Captcha",
          "password": "Mot de passe",
          "proxy": "Utilisez la méthode du proxy de connexion (2FA non requis)",
          "securitycode": "Code 2FA (recommandé pour éviter les problèmes de connexion)"
        },
        "description": "**{email} - alexa.{url}**  \n{message}  \n {captcha_image}",
        "title": "Alexa Media Player - Captcha"
      },
      "claimspicker": {
        "data": {
          "authselectoption": "Méthode de vérification",
          "proxy": "Use Login Proxy method (2FA not required)"
        },
        "description": "**{email} - alexa.{url}**  \nVeuillez sélectionner la méthode de vérification par numéro. (exemple., `0` ou `1`)  \n{message}",
        "title": "Alexa Media Player - Méthode de vérification"
      },
      "totp_register": {
        "data": {
          "registered": "OTP de la clé d'application 2FA intégrée confirmée avec succès."
        },
        "description": "** {email} - alexa. {url} **\n Avez-vous confirmé avec succès un OTP à partir de la clé d'application 2FA intégrée avec Amazon?\n > Code OTP {message}",
        "title": "Alexa Media Player - OTP Confirmation"
      },
      "twofactor": {
        "data": {
          "proxy": "Utilisez la méthode du proxy de connexion (2FA non requis)",
          "securitycode": "2FA Code"
        },
        "description": "**{email} - alexa.{url}**  \nEntrez le mot de passe unique (OTP).  \n{message}",
        "title": "Alexa Media Player - Authentification à deux facteurs"
      },
      "user_legacy": {
        "data": {
          "cookies_txt": "Données cookies.txt",
          "debug": "Débogage avancé",
          "email": "Adresse Email",
          "exclude_devices": "Appareil exclu (séparé par des virgules)",
          "include_devices": "Appareil inclus (séparé par des virgules)",
          "oauth_login": "Activer la méthode d'application oauth-token",
          "otp_secret": "Clé d'application 2FA intégrée (génère automatiquement des codes 2FA)",
          "password": "Mot de passe",
          "proxy": "Use Login Proxy method (2FA not required)",
          "scan_interval": "Secondes entre les analyses",
          "securitycode": "Code 2FA (recommandé pour éviter les problèmes de connexion)",
          "url": "Domaine de la région Amazon (exemple, amazon.fr)"
        },
        "description": "Please enter your [information](https://github.com/custom-components/alexa_media_player/wiki/Configuration#integrations-page). **[Cookie import](https://github.com/custom-components/alexa_media_player/wiki/Configuration#cookie-import) may be easiest!**   \n**WARNING: Amazon incorrectly reports 'Enter a valid email or mobile number' when [2FA Code is required](https://github.com/custom-components/alexa_media_player/wiki/Configuration#enable-two-factor-authentication-for-your-amazon-account).**  \n>{message}",
        "title": "Alexa Media Player - Legacy Configuration"
      },
      "user": {
        "data": {
          "cookies_txt": "Données cookies.txt",
          "debug": "Débogage avancé",
          "email": "Adresse Email",
          "exclude_devices": "Appareil exclu (séparé par des virgules)",
          "hass_url": "Url to access Home Assistant",
          "include_devices": "Appareil inclus (séparé par des virgules)",
          "oauth_login": "Enable oauth-token app method",
          "otp_secret": "Clé d'application 2FA intégrée (génère automatiquement des codes 2FA)",
          "password": "Mot de passe",
          "proxy": "Use Login Proxy method (2FA not required)",
          "scan_interval": "Secondes entre les analyses",
          "securitycode": "Code 2FA (recommandé pour éviter les problèmes de connexion)",
          "url": "Domaine de la région Amazon (exemple, amazon.fr)"
        },
        "description": "Veuillez confirmer les informations ci-dessous. Pour la configuration héritée, désactivez l'option `Utiliser la méthode proxy de connexion`.",
        "title": "Alexa Media Player - Configuration"
      }
    }
  },
  "options": {
    "step": {
      "init": {
        "data": {
          "extended_entity_discovery": "Inclure les appareils connectés via Echo",
          "queue_delay": "Secondes à attendre pour mettre les commandes en file d'attente ensemble"
        }
      }
    }
  }
}
