{
  "config": {
    "abort": {
      "forgot_password": "Siden Glemt passord ble oppdaget. Dette er vanligvis et resultat av også mislykkede pålogginger. Amazon kan kreve handling før en pålogging kan forsøkes.",
      "login_failed": "Alexa Media Player kunne ikke logge inn.",
      "reauth_successful": "Alexa Media Player er godkjent på nytt."
    },
    "error": {
      "2fa_key_invalid": "Invalid Built-In 2FA key",
      "connection_error": "Feil ved tilkobling; sjekk nettverket og prøv på nytt",
      "hass_url_invalid": "Kan ikke koble til nettadressen til hjemmeassistenten. Vennligst sjekk den eksterne nettadressen under Konfigurasjon - > Generelt",
      "identifier_exists": "E-post for Alexa URL allerede registrert",
      "invalid_credentials": "ugyldige legitimasjon",
      "unknown_error": "Ukjent feil, vennligst rapporter logginfo"
    },
    "step": {
      "action_required": {
        "data": {
          "proxy": "Use Login Proxy method (2FA not required)"
        },
        "description": "**{email} - alexa.{url}**  \nAmazon vil sende et push-varsel i henhold til meldingen nedenfor. Fullfør svaret før du fortsetter.  \n{message}",
        "title": "Alexa Media Player - Handling påkrevd"
      },
      "authselect": {
        "data": {
          "authselectoption": "OTP-metode",
          "proxy": "Use Login Proxy method (2FA not required)"
        },
        "description": "**{email} - alexa.{url}**  \n{message}",
        "title": "Alexa Media Player - Engangspassord"
      },
      "captcha": {
        "data": {
          "captcha": "Captcha",
          "password": "Passord",
          "proxy": "Use Login Proxy method (2FA not required)",
          "securitycode": "2FA-kode (anbefales for å unngå påloggingsproblemer)"
        },
        "description": "**{email} - alexa.{url}**  \n>{message}  \n{captcha_image}",
        "title": "Alexa Media Player - Captcha"
      },
      "claimspicker": {
        "data": {
          "authselectoption": "Bekreftelsesmetode",
          "proxy": "Use Login Proxy method (2FA not required)"
        },
        "description": "**{email} - alexa.{url}**  \nVelg bekreftelsesmetode etter nummer. (f.eks. \"0\" eller \"1\")  \n{message}",
        "title": "Alexa Media Player - Bekreftelsesmetode"
      },
      "totp_register": {
        "data": {
          "registered": "OTP from the Built-in 2FA App Key confirmed successfully."
        },
        "description": "**{email} - alexa.{url}**  \nHave you successfully confirmed an OTP from the Built-in 2FA App Key with Amazon?  \n >OTP Code {message}",
        "title": "Alexa Media Player - OTP Confirmation"
      },
      "twofactor": {
        "data": {
          "proxy": "Use Login Proxy method (2FA not required)",
          "securitycode": "2FA Kode"
        },
        "description": "**{email} - alexa.{url}**  \nSkriv inn engangspassordet (OTP).  \n>{message}",
        "title": "Alexa Media Player - Tofaktorautentisering"
      },
      "user_legacy": {
        "data": {
          "cookies_txt": "config::step::user::data::cookies_txt",
          "debug": "Avansert feilsøking",
          "email": "Epostadresse",
          "exclude_devices": "Ekskludert enhet (kommaseparert)",
          "include_devices": "Inkluder enhet (kommaseparert)",
          "oauth_login": "Enable oauth-token app method",
          "otp_secret": "Built-in 2FA App Key (automatically generate 2FA Codes)",
          "password": "Passord",
          "proxy": "Use Login Proxy method (2FA not required)",
          "scan_interval": "Sekunder mellom skanninger",
          "securitycode": "2FA-kode (anbefales for å unngå påloggingsproblemer)",
          "url": "Amazon-regiondomenet (f.eks. Amazon.co.uk)"
        },
        "description": "Please enter your [information](https://github.com/custom-components/alexa_media_player/wiki/Configuration#integrations-page). **[Cookie import](https://github.com/custom-components/alexa_media_player/wiki/Configuration#cookie-import) may be easiest!**   \n**WARNING: Amazon incorrectly reports 'Enter a valid email or mobile number' when [2FA Code is required](https://github.com/custom-components/alexa_media_player/wiki/Configuration#enable-two-factor-authentication-for-your-amazon-account).**  \n>{message}",
        "title": "Alexa Media Player - Legacy Configuration"
      },
      "user": {
        "data": {
          "cookies_txt": "config::step::user::data::cookies_txt",
          "debug": "Avansert feilsøking",
          "email": "Epostadresse",
          "exclude_devices": "Ekskludert enhet (kommaseparert)",
          "hass_url": "Url to access Home Assistant",
          "include_devices": "Inkluder enhet (kommaseparert)",
          "oauth_login": "Enable oauth-token app method",
          "otp_secret": "Built-in 2FA App Key (automatically generate 2FA Codes)",
          "password": "Passord",
          "proxy": "Use Login Proxy method (2FA not required)",
          "scan_interval": "Sekunder mellom skanninger",
          "securitycode": "2FA-kode (anbefales for å unngå påloggingsproblemer)",
          "url": "Amazon-regiondomenet (f.eks. Amazon.co.uk)"
        },
        "description": "Bekreft informasjonen nedenfor. For eldre konfigurasjon, deaktiver alternativet \"Bruk innlogging proxy-metode\".",
        "title": "Alexa Media Player - Konfigurasjon"
      }
    }
  },
  "options": {
    "step": {
      "init": {
        "data": {
          "extended_entity_discovery": "Inkluder enheter som er koblet til via Echo",
          "queue_delay": "Sekunder for å vente på køkommandoer sammen"
        }
      }
    }
  }
}
