{
  "config": {
    "abort": {
      "forgot_password": "Wykryto stronę Zapomniałem hasła. Zwykle jest to wynikiem również nieudanych prób logowania. Amazon może wymagać podjęcia działań przed próbą ponownego logowania.",
      "login_failed": "Alexa Media Player nie może się zalogować.",
      "reauth_successful": "Alexa Media Player pomyślnie uwierzytelniona."
    },
    "error": {
      "2fa_key_invalid": "Nieprawidłowy klucz z wbudowanej aplikacji uwierzytelniania dwuskładnikowego",
      "connection_error": "Błąd podczas łączenia; sprawdź sieć i spróbuj ponownie",
      "hass_url_invalid": "Nie można połączyć się z adresem URL Home Assistanta. Sprawdź publiczny adres URL w sekcji Konfiguracja -> Ogólne",
      "identifier_exists": "Adres e-mail dla Alexy już jest zarejestrowany",
      "invalid_credentials": "Nieprawidłowe dane logowania",
      "unknown_error": "Nieznany błąd, zgłoś log z tego zdarzenia"
    },
    "step": {
      "action_required": {
        "data": {
          "proxy": "Użyj metody logowania proxy (2FA nie jest wymagane)"
        },
        "description": "**{email} - alexa.{url}**  \nAmazon wyśle powiadomienie push zgodnie z poniższą wiadomością. Przed kontynuowaniem odpowiedz na wiadomość.  \n{message}",
        "title": "Alexa Media Player — wymagane działanie"
      },
      "authselect": {
        "data": {
          "authselectoption": "Metoda OTP",
          "proxy": "Użyj metody logowania proxy (2FA nie jest wymagane)"
        },
        "description": "**{email} - alexa.{url}**  \n{message}",
        "title": "Alexa Media Player — hasło jednorazowe"
      },
      "captcha": {
        "data": {
          "captcha": "Kod Captcha",
          "password": "Hasło",
          "proxy": "Użyj metody logowania proxy (2FA nie jest wymagane)",
          "securitycode": "Kod uwierzytelniania dwuskładnikowego"
        },
        "description": "**{email} - alexa.{url}**  \n{message}  \n {captcha_image}",
        "title": "Alexa Media Player — kod Captcha"
      },
      "claimspicker": {
        "data": {
          "authselectoption": "Metoda weryfikacji",
          "proxy": "Użyj metody logowania proxy (2FA nie jest wymagane)"
        },
        "description": "**{email} - alexa.{url}**  \nWybierz metodę weryfikacji. (np., `0` lub `1`)  \n{message}",
        "title": "Alexa Media Player — metoda weryfikacji"
      },
      "totp_register": {
        "data": {
          "registered": "Hasło jednorazowe z wbudowanej aplikacji uwierzytelniania dwuskładnikowego potwierdzone pomyślnie."
        },
        "description": "**{email} - alexa.{url}**  \nCzy pomyślnie potwierdziłeś hasło jednorazowe z wbudowanej aplikacji uwierzytelniania dwuskładnikowego z Amazonu? \n >Kod hasła jednorazowego {message}",
        "title": "Alexa Media Player - Potwierdzanie hasła jednorazowego"
      },
      "twofactor": {
        "data": {
          "proxy": "Użyj metody logowania proxy (2FA nie jest wymagane)",
          "securitycode": "Kod uwierzytelniania dwuskładnikowego"
        },
        "description": "**{email} - alexa.{url}**  \nWprowadź hasło jednorazowe (OTP).  \n{message}",
        "title": "Alexa Media Player — uwierzytelnianie dwuskładnikowe"
      },
      "user_legacy": {
        "data": {
          "cookies_txt": "zawartość pliku cookies.txt",
          "debug": "Zaawansowane debugowanie",
          "email": "Adres e-mail",
          "exclude_devices": "Wykluczone urządzenia (oddzielone przecinkami)",
          "include_devices": "Dodawane urządzenia (oddzielone przecinkami)",
          "oauth_login": "Włącz metodę tokena OAuth aplikacji",
          "otp_secret": "Wbudowana aplikacja kluczy uwierzytelniania dwuskładnikowego (automatycznie generuje kody uwierzytelniania dwuskładnikowego)",
          "password": "Hasło",
          "proxy": "Użyj metody logowania proxy (2FA nie jest wymagane)",
          "scan_interval": "Interwał skanowania (sekundy)",
          "securitycode": "Kod uwierzytelniania dwuskładnikowego",
          "url": "Region/domena Amazon (np. amazon.co.uk)"
        },
        "description": "Wprowadź [dane](https://github.com/custom-components/alexa_media_player/wiki/Configuration#integrations-page). **[Import pliku Cookie](https://github.com/custom-components/alexa_media_player/wiki/Configuration#cookie-import) może być najłatwiejszą metodą!**   \n**OSTRZEŻENIE: Amazon nieprawidłowo zgłasza 'Wprowadź prawidłowy adres e-mail lub numer telefonu komórkowego', gdy wymagany jest [kod uwierzytelniania dwuskładnikowego](https://github.com/custom-components/alexa_media_player/wiki/Configuration#enable-two-factor-authentication-for-your-amazon-account).**  \n>{message}",
        "title": "Alexa Media Player — starsza konfiguracja"
      },
      "user": {
        "data": {
          "cookies_txt": "zawartość pliku cookies.txt",
          "debug": "Zaawansowane debugowanie",
          "email": "Adres email",
          "exclude_devices": "Wykluczone urządzenia (oddzielone przecinkami)",
          "hass_url": "URL dostępu do Home Assistanta",
          "include_devices": "Dodawane urządzenia (oddzielone przecinkami)",
          "oauth_login": "Włącz metodę tokena OAuth aplikacji",
          "otp_secret": "Wbudowana aplikacja kluczy uwierzytelniania dwuskładnikowego (automatycznie generuje kody uwierzytelniania dwuskładnikowego)",
          "password": "Hasło",
          "proxy": "Użyj metody logowania proxy (2FA nie jest wymagane)",
          "scan_interval": "Interwał skanowania (sekundy)",
          "securitycode": "Kod uwierzytelniania dwuskładnikowego (zalecany w celu uniknięcia problemów z logowaniem)",
          "url": "Region/domena Amazon (np. amazon.co.uk)"
        },
        "description": "Potwierdź poniższe informacje. W przypadku starszych konfiguracji wyłącz opcję 'Użyj metody logowania proxy'.",
        "title": "Alexa Media Player — konfiguracja"
      }
    }
  },
  "options": {
    "step": {
      "init": {
        "data": {
          "extended_entity_discovery": "Uwzględnij urządzenia podłączone przez Echo",
          "queue_delay": "Sekundy oczekiwania na kolejkowanie poleceń"
        }
      }
    }
  }
}
