{
  "config": {
    "abort": {
      "forgot_password": "The Forgot Password page was detected. This normally is the result of too may failed logins. Amazon may require action before a relogin can be attempted.",
      "login_failed": "Alexa Media Player failed to login.",
      "reauth_successful": "Alexa Media Player successfully reauthenticated."
    },
    "error": {
      "2fa_key_invalid": "Invalid Built-In 2FA key",
      "connection_error": "Ошибка подключения; проверьте сеть и повторите попытку",
      "hass_url_invalid": "Невозможно подключиться к URL-адресу Home Assistant. Пожалуйста, проверьте внешний URL-адрес в разделе \"Конфигурация\" - > Общие\".",
      "identifier_exists": "Электронная почта для Alexa уже зарегистрирована",
      "invalid_credentials": "Неверные учетные данные",
      "unknown_error": "Неизвестная ошибка, пожалуйста, сообщите информацию журнала"
    },
    "step": {
      "action_required": {
        "data": {
          "proxy": "Use Login Proxy method (2FA not required)"
        },
        "description": "**{email} - alexa. {url}**\nAmazon отправит push-уведомление в соответствии с нижеприведенным сообщением. Пожалуйста, полностью ответьте, прежде чем продолжить.\n{message}",
        "title": "Alexa Media Player - Требуемое действие"
      },
      "authselect": {
        "data": {
          "authselectoption": "Одноразовый пароль",
          "proxy": "Use Login Proxy method (2FA not required)"
        },
        "description": "**{email} - alexa.{url}**  \n{message}",
        "title": "Alexa Media Player - Одноразовый Пароль"
      },
      "captcha": {
        "data": {
          "captcha": "Капча",
          "password": "Пароль",
          "proxy": "Use Login Proxy method (2FA not required)",
          "securitycode": "2FA Code (recommended to avoid login issues)"
        },
        "description": "**{email} - alexa.{url}**  \n>{message}  \n{captcha_image}",
        "title": "Alexa Media Player - Капча"
      },
      "claimspicker": {
        "data": {
          "authselectoption": "Метод проверки",
          "proxy": "Use Login Proxy method (2FA not required)"
        },
        "description": "**{email} - alexa.{url}**\nПожалуйста, выберите способ проверки по номеру. (например, \" 0 \" или \" 1`)\n{message}",
        "title": "Alexa Media Player - Метод проверки"
      },
      "totp_register": {
        "data": {
          "registered": "OTP from the Built-in 2FA App Key confirmed successfully."
        },
        "description": "**{email} - alexa.{url}**  \nHave you successfully confirmed an OTP from the Built-in 2FA App Key with Amazon?  \n >OTP Code {message}",
        "title": "Alexa Media Player - OTP Confirmation"
      },
      "twofactor": {
        "data": {
          "proxy": "Use Login Proxy method (2FA not required)",
          "securitycode": "2-факторная авторизация"
        },
        "description": "**{email} - alexa.{url}**\nВведите одноразовый пароль.\n{message}",
        "title": "Alexa Media Player - Двух факторная идентификация"
      },
      "user_legacy": {
        "data": {
          "cookies_txt": "config::step::user::data::cookies_txt",
          "debug": "Расширенные возможности отладки",
          "email": "Адрес электронной почты",
          "exclude_devices": "Исключенные устройства (через запятую)",
          "include_devices": "Включенные устройства (разделенное запятыми)",
          "oauth_login": "Enable oauth-token app method",
          "otp_secret": "Built-in 2FA App Key (automatically generate 2FA Codes)",
          "password": "Пароль",
          "proxy": "Use Login Proxy method (2FA not required)",
          "scan_interval": "Секунды между сканированиями",
          "securitycode": "2FA Code (recommended to avoid login issues)",
          "url": "Домен региона Amazon (например, amazon.co.uk)"
        },
        "description": "Пожалуйста, введите свои данные.{message}",
        "title": "Alexa Media Player - Legacy Configuration"
      },
      "user": {
        "data": {
          "cookies_txt": "config::step::user::data::cookies_txt",
          "debug": "Расширенные возможности отладки",
          "email": "Адрес электронной почты",
          "exclude_devices": "Исключенные устройства (через запятую)",
          "hass_url": "Url to access Home Assistant",
          "include_devices": "Включенные устройства (разделенное запятыми)",
          "oauth_login": "Enable oauth-token app method",
          "otp_secret": "Built-in 2FA App Key (automatically generate 2FA Codes)",
          "password": "Пароль",
          "proxy": "Use Login Proxy method (2FA not required)",
          "scan_interval": "Секунды между сканированиями",
          "securitycode": "2FA Code (recommended to avoid login issues)",
          "url": "Домен региона Amazon (например, amazon.co.uk)"
        },
        "description": "Пожалуйста, подтвердите информацию ниже. Для старой конфигурации отключите опцию `Use Login Proxy method`.",
        "title": "Alexa Media Player - Конфигурация"
      }
    }
  },
  "options": {
    "step": {
      "init": {
        "data": {
          "extended_entity_discovery": "Включить устройства, подключенные через Echo",
          "queue_delay": "Секунды ожидания, чтобы выполнить команды вместе"
        }
      }
    }
  }
}
