{
  "config": {
    "abort": {
      "forgot_password": "The Forgot Password page was detected. This normally is the result of too may failed logins. Amazon may require action before a relogin can be attempted.",
      "login_failed": "Alexa Media Player failed to login.",
      "reauth_successful": "Alexa Media Player successfully reauthenticated."
    },
    "error": {
      "2fa_key_invalid": "Invalid Built-In 2FA key",
      "connection_error": "连接错误；检查网络并重试",
      "hass_url_invalid": "Unable to connect to Home Assistant url. Please check the External Url under Configuration -> General",
      "identifier_exists": "Alexa URL的电子邮件已注册",
      "invalid_credentials": "Invalid credentials",
      "unknown_error": "Unknown error, please report log info"
    },
    "step": {
      "action_required": {
        "data": {
          "proxy": "Use Login Proxy method (2FA not required)"
        },
        "description": "**{email} - alexa.{url}**  \nAmazon will send a push notification per the below message. Please completely respond before continuing.  \n{message}",
        "title": "Alexa Media Player - Action Required"
      },
      "authselect": {
        "data": {
          "authselectoption": "OTP方式",
          "proxy": "Use Login Proxy method (2FA not required)"
        },
        "description": "**{email} - alexa.{url}**\n{message}",
        "title": "Alexa Media Player - 一次性密码"
      },
      "captcha": {
        "data": {
          "captcha": "验证码",
          "password": "密码",
          "proxy": "Use Login Proxy method (2FA not required)",
          "securitycode": "2FA Code (recommended to avoid login issues)"
        },
        "description": "**{email} - alexa.{url}**  \n>{message}  \n{captcha_image}",
        "title": "Alexa Media Player-验证码"
      },
      "claimspicker": {
        "data": {
          "authselectoption": "验证方式",
          "proxy": "Use Login Proxy method (2FA not required)"
        },
        "description": "**{email} - alexa.{url}**  \nPlease select verification method by number. (e.g., `0` or `1`)  \n{message}",
        "title": "Alexa Media Player - 验证方法"
      },
      "totp_register": {
        "data": {
          "registered": "OTP from the Built-in 2FA App Key confirmed successfully."
        },
        "description": "**{email} - alexa.{url}**  \nHave you successfully confirmed an OTP from the Built-in 2FA App Key with Amazon?  \n >OTP Code {message}",
        "title": "Alexa Media Player - OTP Confirmation"
      },
      "twofactor": {
        "data": {
          "proxy": "Use Login Proxy method (2FA not required)",
          "securitycode": "2FA代码"
        },
        "description": "**{email} - Alexa.{url} ** \n输入一次性密码（OTP）。 \n {message}",
        "title": "Alexa Media Player - Two Factor Authentication"
      },
      "user_legacy": {
        "data": {
          "cookies_txt": "config::step::user::data::cookies_txt",
          "debug": "高级调试",
          "email": "电子邮件地址",
          "exclude_devices": "Excluded device (comma separated)",
          "include_devices": "Included device (comma separated)",
          "oauth_login": "Enable oauth-token app method",
          "otp_secret": "Built-in 2FA App Key (automatically generate 2FA Codes)",
          "password": "密码",
          "proxy": "Use Login Proxy method (2FA not required)",
          "scan_interval": "Seconds between scans",
          "securitycode": "2FA Code (recommended to avoid login issues)",
          "url": "Amazon region domain (e.g., amazon.co.uk)"
        },
        "description": "Please enter your [information](https://github.com/custom-components/alexa_media_player/wiki/Configuration#integrations-page). **[Cookie import](https://github.com/custom-components/alexa_media_player/wiki/Configuration#cookie-import) may be easiest!**   \n**WARNING: Amazon incorrectly reports 'Enter a valid email or mobile number' when [2FA Code is required](https://github.com/custom-components/alexa_media_player/wiki/Configuration#enable-two-factor-authentication-for-your-amazon-account).**  \n>{message}",
        "title": "Alexa Media Player - Legacy Configuration"
      },
      "user": {
        "data": {
          "cookies_txt": "Cookie.txt数据",
          "debug": "高级调试",
          "email": "电子邮件地址",
          "exclude_devices": "Excluded device (comma separated)",
          "hass_url": "Url to access Home Assistant",
          "include_devices": "Included device (comma separated)",
          "oauth_login": "Enable oauth-token app method",
          "otp_secret": "Built-in 2FA App Key (automatically generate 2FA Codes)",
          "password": "密码",
          "proxy": "Use Login Proxy method (2FA not required)",
          "scan_interval": "Seconds between scans",
          "securitycode": "2FA Code (recommended to avoid login issues)",
          "url": "Amazon region domain (e.g., amazon.co.uk)"
        },
        "description": "请确认以下信息。对于旧版配置，请禁用“使用登录代理方法”选项。",
        "title": "Alexa Media Player-配置"
      }
    }
  },
  "options": {
    "step": {
      "init": {
        "data": {
          "extended_entity_discovery": "Include devices connected via Echo",
          "queue_delay": "Seconds to wait to queue commands together"
        }
      }
    }
  }
}
